{
  "best_params": {
    "n_estimators": 750,
    "max_depth": 4,
    "learning_rate": 0.018337446259443446,
    "subsample": 0.9254424297748278,
    "colsample_bytree": 0.6806727756552288,
    "min_child_weight": 6,
    "scale_pos_weight": 11.442027460252229,
    "eval_metric": "auc",
    "random_state": 42,
    "n_jobs": -1
  },
  "best_cv_auc": 0.866787,
  "n_trials": 50,
  "n_folds": 5
}