{
  "18-30": 0.560524,
  "31-45": 0.503316,
  "46-60": 0.391096,
  "61+": 0.3
}