{
  "18-30": 0.456124,
  "31-45": 0.379617,
  "46-60": 0.3,
  "61+": 0.3
}